{
	"class_name" : "PinholeCameraParameters",
	"extrinsic" : 
	[
		0.7846040122457153,
		0.1419701736211792,
		0.60352383032478318,
		0.0,
		0.15469501183451823,
		-0.98747017808098703,
		0.031178529699493064,
		0.0,
		0.60038820548162319,
		0.068899326576361622,
		-0.79673514138381041,
		0.0,
		0.54954768997407211,
		0.061541928323987416,
		10.555394928207289,
		1.0
	],
	"intrinsic" : 
	{
		"height" : 1080,
		"intrinsic_matrix" : 
		[
			935.30743608719376,
			0.0,
			0.0,
			0.0,
			935.30743608719376,
			0.0,
			959.5,
			539.5,
			1.0
		],
		"width" : 1920
	},
	"version_major" : 1,
	"version_minor" : 0
}