{
	"class_name" : "PinholeCameraParameters",
	"extrinsic" : 
	[
		0.99952729191411727,
		-0.016054214630320206,
		-0.026219361384951921,
		0.0,
		0.016583002993055807,
		-0.43659850886097118,
		0.89950361092777664,
		0.0,
		-0.025888158114539501,
		-0.89951320404593293,
		-0.4361258981262825,
		0.0,
		-6.5193741165094758,
		-2.841016058308572,
		50.347777354593141,
		1.0
	],
	"intrinsic" : 
	{
		"height" : 1080,
		"intrinsic_matrix" : 
		[
			935.30743608719376,
			0.0,
			0.0,
			0.0,
			935.30743608719376,
			0.0,
			959.5,
			539.5,
			1.0
		],
		"width" : 1920
	},
	"version_major" : 1,
	"version_minor" : 0
}